BMW 328xi - IMPECCABLE,"
11 200,00 $
Négociable
",2011,137404
2016 BMW M4 GTS 22016 BMW M4 GTS in a Frozen Dark Grey. This H,"
191 900,00 $

",2016,800
2016 BMW M4 GTS - BRAND NEW 8KM,"
179 900,00 $

",2016,8
2014 BMW I 8 BRAND NEW !  205 KMS,"
154 995,00 $

",2014,205
2016 BMW i8 i8,"
137 500,00 $

",2016,10900
2018 BMW 750I xDrive Sedan,"
136 516,00 $

",2018,90
2018 BMW M4 -,"
117 309,00 $

",2018,9373
2014 BMW i8 NAVIGATION,"
105 900,00 $

",2014,10000
2016 BMW M Cabriolet 3.0L + AUTO + CUIR + CAMÉRA GP,"
99 995,00 $

",2016,7100
"2016 BMW M4 GROUPE EXÉCUTIF, PREMIUM, TECHNOLOGIE 1.9%","
92 880,00 $

",2016,8500
2016 BMW 750i xDrive M Sport + Executive,"
88 457,00 $

",2016,6000
BMW 328xi - IMPECCABLE,"
11 200,00 $
Négociable
",2011,137404
2018 BMW 440 i xDrive,"
82 995,00 $

",2018,90
2017 BMW M4 ULTIMATE PKG,"
82 887,00 $

",2017,32893
2016 BMW M4 Cabriolet,"
80 900,00 $

",2016,18427
2016 BMW M4 Cabriolet,"
79 900,00 $

",2016,20940
2017 BMW M4 -,"
79 322,00 $

",2017,17000
2017 BMW M3 GROUPE EXÉCUTIF+FINANCEMENT À PARTIR DE 2.9%,"
78 900,00 $

",2017,3360
2016 BMW M5 PREMIUM PKG! 1 OWNER!,"
78 887,00 $

",2016,24064
2016 BMW M4 DECAPOTABLE,"
78 800,00 $

",2016,13514
2016 BMW M3 Heads-up display - FULL Leather - NAV - CAMERAS,"
77 999,00 $

",2016,5343
2016 BMW 750I xDrive / EXECUTIVE / NAVIGATION / M SPORT,"
77 000,00 $

",2016,23667
BMW 328xi - IMPECCABLE,"
11 200,00 $
Négociable
",2011,137404
2014 BMW Alpina B7 xDrive VERY RARE! BANG AND OLUFSEN!,"
74 887,00 $

",2014,59870
2018 BMW 4 Series xDrive,"
74 524,00 $

",2018,500
2016 BMW M4 M4,"
74 500,00 $

",2016,7500
2018 BMW 4 Series xDrive,"
74 000,00 $

",2018,8800
"2016 BMW M3 Seulement 7 000km, Exhaust M Performance","
73 491,00 $

",2016,7453
Bmw m3 2016,"
73 000,00 $
Négociable
",2016,47000
"2016 BMW M3 PREMIUM, EXECUTIVE PKG, PERFORMANCE EXHAUST","
71 887,00 $

",2016,18097
2017 BMW 530I xDrive,"
70 777,00 $

",2017,90
"2015 BMW M4 Cab, Manual, Navigation, MSRP $97,125","
69 900,00 $

",2015,16493
2015 BMW M3 CARBON FIBRE - NAV - HEADS-UP DISP. - CAMERAS,"
69 499,00 $

",2015,27760
BMW 328xi - IMPECCABLE,"
11 200,00 $
Négociable
",2011,137404
2015 BMW M4 CABRIOLET NAV HEAD UP,"
68 888,00 $

",2015,25348
2018 BMW 530I xDrive Sedan,"
68 666,00 $

",2018,7800
"2016 BMW M4 PREMIUM, EXECUTIVE, TECH PKG","
67 887,00 $

",2016,27000
2016 BMW 650I xDrive M SPORT EDITION // EXECUTIF,"
67 877,00 $

",2016,41023
2018 BMW 530XI 530i xDrive,"
67 577,90 $

",2018,3143
2018 BMW M2 Coupe,"
66 619,00 $

",2018,3190
BMW M4 2016,"
66 000,00 $

",2016,41000
2015 BMW M4 Groupe Supérieur Boite M--17709km--,"
65 990,00 $

",2015,17709
2014 BMW M5 xDRIVE + CERTIFIE + M SPORT + NAVI + 199,"
65 989,00 $

",2014,36184
2016 BMW M4 COUPE CARBON FIBER TOP FULLY EQUIPPED,"
65 900,00 $

",2016,30750
BMW 328xi - IMPECCABLE,"
11 200,00 $
Négociable
",2011,137404
2017 BMW M2 2dr Cpe,"
65 900,00 $

",2017,4526
2015 BMW M4 Convertible Head up Display Harman Kardon,"
65 900,00 $

",2015,31260
2016 BMW M4 Base (M6),"
65 800,00 $

",2016,26067
2015 BMW M4 Navigation-M-Cab/ Extended Warranty,"
65 770,00 $

",2015,24000
2015 BMW M4 Convertible,"
64 997,00 $

",2015,72254
2016 BMW M4 -,"
64 995,00 $

",2016,26000
2018 BMW 4 Series xDrive GROUPE PREMIUM ESSENTIEL SPORTLINE CUIR,"
64 990,00 $

",2018,9900
2016 BMW M M4 COUPE + HARMAN/KARDON + HEAD-UP DISPL,"
63 988,00 $

",2016,14318
2017 BMW M2 MAG 19'' SMARTPHONE CONNECTED TRIM EN CARBON,"
63 900,00 $

",2017,9332
2016 BMW M4 Coupe,"
62 995,00 $

",2016,38704
BMW 328xi - IMPECCABLE,"
11 200,00 $
Négociable
",2011,137404
2015 BMW M4 Coupe * NAVIGATION * BACK UP CAMERA *,"
62 900,00 $

",2015,55209
2015 BMW M4 Coupe * NAVIGATION * BACK UP CAMERA *,"
62 900,00 $

",2015,55209
2017 BMW M240i xDrive,"
62 837,00 $

",2017,100
2011 BMW 1 Series M 1M LEASE 799 mo,"
62 000,00 $

",2011,36372
2018 BMW 4 Series 430i xDrive Gran Coupe,"
61 980,00 $

",2018,5400
2017 BMW 4 Series MEGA PROMO BMW LIQUIDATION 2540$ RABAIS,"
61 595,00 $

",2017,90
BMW m5 2013,"
61 000,00 $
Négociable
",2013,60000
2017 BMW 330I Xdrive Sedan (8D97) Demo,"
61 000,00 $

",2017,7500
2017 BMW 2 Series M240xi Cabriolet,"
60 961,30 $

",2017,3090
"2015 BMW 750I xDrive GROUPE EXÉCUTIF, GROUPE M SPORT","
60 900,00 $

",2015,43500
BMW 328xi - IMPECCABLE,"
11 200,00 $
Négociable
",2011,137404
2017 BMW 540I xDrive Sedan,"
59 995,00 $

",2017,35972
2017 BMW M2 -,"
59 995,00 $

",2017,5290
2008 BMW M3 GTR S3,"
59 995,00 $

",2008,75400
2016 BMW 550I xDrive,"
59 995,00 $

",2016,21364
2015 BMW M4 -,"
59 995,00 $

",2015,49361
2016 BMW Z4 35is / NAV / CONNECTEDDRIVE,"
59 990,00 $

",2016,90
2016 BMW 535i xDrive 4dr Sdn 535i xDrive,"
59 900,00 $

",2016,7800
"2016 BMW 435i xDrive Cabriolet GROUPE M SPORT, NAVIGATION","
59 900,00 $

",2016,30000
2018 BMW 4 Series xDrive Gran Coupe,"
59 316,00 $

",2018,158
2014 BMW 6 Series XDRIVE |M PERFORMANCE|NAVI|,"
58 695,00 $

",2014,37092
BMW 328xi - IMPECCABLE,"
11 200,00 $
Négociable
",2011,137404
2016 BMW 428i xDrive Cabriolet,"
57 995,00 $

",2016,13500
2015 BMW M3 - MAN 6 VITESSE 425HP - NAV - TOIT - HEADS UP -,"
57 888,00 $

",2015,66010
2013 BMW M5 EXECUTIVE PKG! BALANCE OF WARRANTY!,"
57 887,00 $

",2013,48000
2016 BMW 535i xDrive,"
56 995,00 $

",2016,90
2017 BMW 440i xDrive,"
56 995,00 $

",2017,24000
2014 BMW 750LI M Sport  CERTIFIÉE 6 ANS,"
56 995,00 $

",2014,36575
2017 BMW 4 Series 430i xDrive Coupe,"
56 405,95 $

",2017,3090
2018 BMW 4 Series 430i xDrive Coupe,"
56 251,95 $

",2018,7200
2017 BMW 4 Series MEGA PROMO BMW LIQUIDATION 2740$ RABAIS,"
55 995,00 $

",2017,90
2017 BMW 2 Series 230i xDrive Cabriolet,"
55 962,35 $

",2017,3049
BMW 328xi - IMPECCABLE,"
11 200,00 $
Négociable
",2011,137404
2016 BMW 435i xDrive Gran Coupe,"
54 995,00 $

",2016,11750
2015 BMW 435i xDrive Cabriolet,"
54 995,00 $

",2015,21500
2016 BMW 535I xDrive *** MODÈLE NEUF PROMO 21245$ D'ESCOMPTE ***,"
54 995,00 $

",2016,90
2016 BMW 528I xDrive + Executive Edition,"
54 491,00 $

",2016,90
2016 BMW 428i xDrive Cabriolet,"
53 995,00 $

",2016,25000
2016 BMW 428i i xDrive,"
53 900,00 $

",2016,33264
2015 BMW M4 - CARBONE/CUIR/NAV - FULL - LA MOIN CHERE!,"
53 789,00 $

",2015,68748
2017 BMW 3 Series 330i xDrive,"
53 690,00 $

",2017,90
2014 BMW 750I xDrive/M SPORT/EXEC/TECH,"
53 587,00 $

",2014,31372
2018 BMW 330I xDrive Sedan,"
53 511,00 $

",2018,90
BMW 328xi - IMPECCABLE,"
11 200,00 $
Négociable
",2011,137404
2018 BMW 330I xDrive Sedan,"
53 511,00 $

",2018,90
2014 BMW 650I xDrive / EXÉCUTIF / TECHNO / NAV,"
52 987,00 $

",2014,16077
2016 BMW 328I xDrive,"
52 000,00 $

",2016,8898
2015 BMW 650I xDrive|M SPORT EDITION| HEADS UP DISPLAY|GPS|,"
51 995,00 $

",2015,72900
2016 BMW 435i xDrive - M Performance Kit,"
51 995,00 $

",2016,26898
2018 BMW 330I xDrive Touring,"
51 995,00 $

",2018,10096
2017 BMW 340i xDrive Sedan,"
51 995,00 $

",2017,15300
2016 BMW 435i xDrive Coupe,"
51 995,00 $

",2016,35500
2016 BMW M235i xDrive,"
51 900,00 $

",2016,20250
2017 BMW 330I xDrive M SPORTLINE PREMIUM PHARE AU LED 0.9%,"
51 900,00 $

",2017,90
BMW 328xi - IMPECCABLE,"
11 200,00 $
Négociable
",2011,137404
2012 BMW M5 V8 TWIN POWER TURBO,"
51 800,00 $

",2012,46323
2017 BMW 440i xDrive / M PERFORMANCE / SUPÉRIEUR,"
51 487,00 $

",2017,29982
2018 BMW 330XI 330i xDrive Sedan,"
50 586,90 $

",2018,6000
"2016 BMW 535i xDrive Groupe M Sport, Navigation, Camera de Recul","
50 491,00 $

",2016,34531
2016 BMW 4 Series 4dr Sdn 435i xDrive AWD Gran Coupe,"
49 999,00 $

",2016,18730
"2016 BMW M235i XDRIVE CONVERTIBLE (9,300 KM, FULL, GARANTIE!!!)","
49 995,00 $

",2016,9300
2015 BMW 435i xDrive Cabriolet,"
49 995,00 $

",2015,46131
2017 BMW 340i xDrive Sedan,"
49 995,00 $

",2017,22222
2016 BMW 435i xDrive Gran Coupe,"
49 995,00 $

",2016,22713
2017 BMW 4 Series xDrive Gran Coupe,"
49 995,00 $

",2017,11700
BMW 328xi - IMPECCABLE,"
11 200,00 $
Négociable
",2011,137404
"2016 BMW 435i xDrive GROUPE M PERFORMANCE 1ET2, PREMIUM 1.9%","
49 990,00 $

",2016,31658
2015 BMW 535I 535D DIESEL + GARANTIE + LUXURY LINE + N,"
49 989,00 $

",2015,41063
2015 BMW 435i xDrive,"
49 985,00 $

",2015,26048
2016 BMW M-235i xDRIVE DÉCAPOTABLE - CUIR ROUGE - NAVIGATION - CAMÉRA,"
49 900,00 $

",2016,24205
2017 BMW 330I xDrive SPORTLINE GROUPE PREMIUM 0.9%,"
49 900,00 $

",2017,5343
2017 BMW 328d xDrive Touring M SPORT! DIESEL!,"
49 887,00 $

",2017,5500
2015 BMW 4 Series 435i xDrive AWD Gran Coupe 4dr Sdn,"
48 995,00 $

",2015,21974
2013 BMW M3 CAB + MANUELLE + NAVI + CERTIFIÉ + 19'',"
48 988,00 $

",2013,49472
"2014 BMW 750I xDrive MSPORT, EXECUTIVE PKG TECH & VISION PKG","
48 887,00 $

",2014,35654
2016 BMW 440 440i xDrive Gran Coupé berline AWD*UN 20,"
48 833,00 $

",2016,56142
BMW 328xi - IMPECCABLE,"
11 200,00 $
Négociable
",2011,137404
2017 BMW 440 440i xDrive Gran Coupé berline AWD *GPS-,"
48 833,00 $

",2017,56142
2018 BMW 230i xDrive Coupe,"
48 116,00 $

",2018,90
2016 BMW 328I xDrive,"
48 088,00 $

",2016,14065
2014 BMW 650I xDrive,"
48 000,00 $

",2014,74851
2016 BMW 528I xDrive *** MODÈLE NEUF PROMO 19795$ D'ESCOMPTE ***,"
47 995,00 $

",2016,177
2015 BMW 435i Xdrive Cabriolet,"
47 995,00 $

",2015,45000
2016 BMW M235i xDrive AWD Financement Avantageux !,"
47 995,00 $

",2016,35027
2015 BMW 435i xDrive Coupe,"
47 995,00 $

",2015,53000
2014 BMW 750I xDrive GROUPE M SPORT ET EXÉCUTIF 0.9%,"
47 943,00 $

",2014,78790
BMW Z4 35 iS - BI TURBO - NAVIGATION - DÉCAPOTABLE,"
47 900,00 $

",2013,18960
BMW 328xi - IMPECCABLE,"
11 200,00 $
Négociable
",2011,137404
BMW Z4 3.5iS - SDRIVE - BI-TURBO - DÉCAPOTABLE - NAVIGATION,"
47 900,00 $

",2013,16035
Bmw 435 grand coupé 2015,"
47 900,00 $

",2015,37500
